{
    "id": "chat-push",
    "title": "Chat Push - pushing chat messages to an external server",
    "description": "A simple module facilitating play-by-mail playing by pushing new messages to external servers.",
    "url": "https://raw.githubusercontent.com/tboboli/foundry-vtt-chat-push/main/foundry-vtt-chat-push.zip",
    "authors": [
      {
      "name": "TB"
      }
    ],
    "version": "1.0.0",
    "compatibility": {
      "minimum": "10",
      "verified": "10"
    },
    "scripts": [
        "scripts/main.js"
    ]
  }